Sample_ID,Species,Month,Initial_mass,Lbag_weight,Litter_substrate,microsite,Crucible_mass,Sample_cruc_mass,Ash_cruc_mass,sample_mass,ash_mass,pct_ash,Initial_mass_ash_free,Final_mass_ash_free,Ash_free_mass_remaining
H1,Arthraerua_leubnitziae ,0,4,4,Grass,Unvegetated_patch,17.15,17.41,17.16,0.26,0.01,3.846153846,3.982537211,3.846153846,96.57546541
H1,Arthraerua_leubnitziae ,8,4,3.0335,Grass,Unvegetated_patch,42.42,42.68,42.44,0.26,0.02,7.692307692,3.982537211,2.800153846,70.31080183
H1,Arthraerua_leubnitziae ,14,4,3.0587,Grass,Unvegetated_patch,18.09,18.36,18.11,0.27,0.02,7.407407407,3.982537211,2.83212963,71.11370164
H1,Arthraerua_leubnitziae ,0,4,4,Grass,Vegetated_patch,17.25,17.49,17.26,0.24,0.01,4.166666667,3.982537211,3.833333333,96.25354719
H1,Arthraerua_leubnitziae ,4,4,4.8686,Grass,Vegetated_patch,53.63,53.88,53.72,0.25,0.09,36,3.982537211,3.115904,78.23916853
H1,Arthraerua_leubnitziae ,4,4,3.7129,Grass,Vegetated_patch,58.38,58.63,58.41,0.25,0.03,12,3.982537211,3.267352,82.04197041
H1,Arthraerua_leubnitziae ,8,4,3.198,Grass,Vegetated_patch,36.44,36.69,36.45,0.25,0.01,4,3.982537211,3.07008,77.08854526
H1,Arthraerua_leubnitziae ,14,4,4.0546,Grass,Vegetated_patch,17.24,17.51,17.26,0.27,0.02,7.407407407,3.982537211,3.754259259,94.26802716
H1,Arthraerua_leubnitziae ,0,4,4,Shrub,Unvegetated_patch,17.18,17.44,17.17,0.26,-0.01,-3.846153846,3.998031159,4.153846154,103.8972932
H1,Arthraerua_leubnitziae ,8,4,3.8704,Shrub,Unvegetated_patch,39.43,39.68,39.5,0.25,0.07,28,3.998031159,2.786688,69.70150779
H1,Arthraerua_leubnitziae ,14,4,4.4602,Shrub,Unvegetated_patch,17.99,18.24,18.04,0.25,0.05,20,3.998031159,3.56816,89.24792874
H1,Arthraerua_leubnitziae ,0,4,4,Shrub,Vegetated_patch,18.83,19.09,18.83,0.26,0,0,3.998031159,4,100.0492453
H1,Arthraerua_leubnitziae ,4,4,NA,Shrub,Vegetated_patch,NA,NA,NA,NA,NA,NA,3.998031159,NA,NA
H1,Arthraerua_leubnitziae ,4,4,4.3776,Shrub,Vegetated_patch,62.19,62.35,62.25,0.16,0.06,37.5,3.998031159,2.736,68.43368376
H1,Arthraerua_leubnitziae ,8,4,3.3848,Shrub,Vegetated_patch,39.5,39.75,39.52,0.25,0.02,8,3.998031159,3.114016,77.88873763
H1,Arthraerua_leubnitziae ,14,4,6.5305,Shrub,Vegetated_patch,17.13,17.38,17.29,0.25,0.16,64,3.998031159,2.35098,58.80344365
H1,Ectadium_rotundifolium ,0,4,4,Grass,Unvegetated_patch,16.34,16.65,16.35,0.31,0.01,3.225806452,3.982537211,3.870967742,97.19853292
H1,Ectadium_rotundifolium ,8,4,5.2305,Grass,Unvegetated_patch,17.99,18.23,18.16,0.24,0.17,70.83333333,3.982537211,1.5255625,38.3062962
H1,Ectadium_rotundifolium ,4,4,3.8151,Grass,Unvegetated_patch,16.31,16.55,16.33,0.24,0.02,8.333333333,3.982537211,3.497175,87.81273884
H1,Ectadium_rotundifolium ,14,4,NA,Grass,Unvegetated_patch,NA,NA,NA,NA,NA,NA,3.982537211,NA,NA
H1,Ectadium_rotundifolium ,0,4,4,Grass,Vegetated_patch,17.41,17.68,17.41,0.27,0,0,3.982537211,4,100.438484
H1,Ectadium_rotundifolium ,4,4,4.9267,Grass,Vegetated_patch,16.69,16.94,16.85,0.25,0.16,64,3.982537211,1.773612,44.53472513
H1,Ectadium_rotundifolium ,8,4,3.9141,Grass,Vegetated_patch,17.11,17.36,17.17,0.25,0.06,24,3.982537211,2.974716,74.69399136
H1,Ectadium_rotundifolium ,0,4,4,Shrub,Unvegetated_patch,16.32,16.55,16.33,0.23,0.01,4.347826087,3.998031159,3.826086957,95.69927807
H1,Ectadium_rotundifolium ,8,4,4.4092,Shrub,Unvegetated_patch,17.24,17.49,17.37,0.25,0.13,52,3.998031159,2.116416,52.93645586
H1,Ectadium_rotundifolium ,4,4,5.8259,Shrub,Unvegetated_patch,17.42,17.67,17.58,0.25,0.16,64,3.998031159,2.097324,52.45892082
H1,Ectadium_rotundifolium ,14,4,NA,Shrub,Unvegetated_patch,NA,NA,NA,NA,NA,NA,3.998031159,NA,NA
H1,Ectadium_rotundifolium ,0,4,4,Shrub,Vegetated_patch,17.12,17.38,17.12,0.26,0,0,3.998031159,4,100.0492453
H1,Ectadium_rotundifolium ,8,4,4.989,Shrub,Vegetated_patch,16.67,16.93,16.83,0.26,0.16,61.53846154,3.998031159,1.918846154,47.99477736
H1,Ectadium_rotundifolium ,14,4,3.3982,Shrub,Vegetated_patch,18.83,19.08,18.85,0.25,0.02,8,3.998031159,3.126344,78.1970894
H1,Salsola_nollothensis,0,4,4,Grass,Unvegetated_patch,58.39,58.64,58.39,0.25,0,0,3.982537211,4,100.438484
H1,Salsola_nollothensis,4,4,4.0853,Grass,Unvegetated_patch,18.71,19.02,18.78,0.31,0.07,22.58064516,3.982537211,3.162812903,79.41703331
H1,Salsola_nollothensis,8,4,4.8522,Grass,Unvegetated_patch,17.18,17.42,17.28,0.24,0.1,41.66666667,3.982537211,2.83045,71.07152678
H1,Salsola_nollothensis,0,4,4,Grass,Vegetated_patch,38.29,38.54,38.29,0.25,0,0,3.982537211,4,100.438484
H1,Salsola_nollothensis,4,4,4.0882,Grass,Vegetated_patch,17.15,17.4,17.17,0.25,0.02,8,3.982537211,3.761144,94.44090039
H1,Salsola_nollothensis,8,4,6.5728,Grass,Vegetated_patch,38.29,38.54,38.49,0.25,0.2,80,3.982537211,1.31456,33.00810339
H1,Salsola_nollothensis,8,4,3.636,Grass,Vegetated_patch,18.76,19.02,18.84,0.26,0.08,30.76923077,3.982537211,2.517230769,63.2067106
H1,Salsola_nollothensis,0,4,4,Shrub,Unvegetated_patch,51.7,51.95,51.71,0.25,0.01,4,3.998031159,3.84,96.04727545
H1,Salsola_nollothensis,0,4,4,Shrub,Vegetated_patch,62.11,62.37,62.1,0.26,-0.01,-3.846153846,3.998031159,4.153846154,103.8972932
H1,Salsola_nollothensis,8,4,4.4663,Shrub,Vegetated_patch,17.25,17.51,17.35,0.26,0.1,38.46153846,3.998031159,2.748492308,68.74614525
H1,Salsola_nollothensis,14,4,3.464,Shrub,Vegetated_patch,17.99,18.25,18.12,0.26,0.13,50,3.998031159,1.732,43.3213232
H1 ,Ectadium_rotundifolium ,4,4,3.2038,Grass,Unvegetated_patch,39.5,39.76,39.54,0.26,0.04,15.38461538,3.982537211,2.710907692,68.06986473
H1 ,Ectadium_rotundifolium ,4,4,4.196,Shrub,Unvegetated_patch,39.43,39.68,39.55,0.25,0.12,48,3.998031159,2.18192,54.5748623
H1 ,Ectadium_rotundifolium ,4,4,4.285,Shrub,Vegetated_patch,17.14,17.39,17.28,0.25,0.14,56,3.998031159,1.8854,47.15821175
H1 ,Salsola_nollothensis,4,4,4.0205,Shrub,Unvegetated_patch,17.18,17.44,17.26,0.26,0.08,30.76923077,3.998031159,2.783423077,69.61984452
H1 ,Salsola_nollothensis,8,4,3.369,Shrub,Unvegetated_patch,17.42,17.67,17.58,0.25,0.16,64,3.998031159,1.21284,30.33593165
H1 ,Salsola_nollothensis,14,4,3.3383,Shrub,Unvegetated_patch,18.76,19.02,18.88,0.26,0.12,46.15384615,3.998031159,1.797546154,44.960784
H1 ,Salsola_nollothensis,14,4,6.3811,Shrub,Unvegetated_patch,18.83,19.08,19.11,0.25,0.28,112,3.998031159,-0.765732,-19.15272717
H1 ,Salsola_nollothensis,4,4,4.245,Shrub,Vegetated_patch,19.12,19.37,19.19,0.25,0.07,28,3.998031159,3.0564,76.4476283
H1 ,Salsola_nollothensis,8,4,3.0561,Shrub,Vegetated_patch,40.4,40.66,40.43,0.26,0.03,11.53846154,3.998031159,2.703473077,67.62011023
H1 0,Arthraerua_leubnitziae ,8,4,3.6794,Shrub,Unvegetated_patch,17.14,17.39,17.21,0.25,0.07,28,3.998031159,2.649168,66.26181474
H10,Arthraerua_leubnitziae ,0,4,4,Grass,Unvegetated_patch,17.13,17.39,17.13,0.26,0,0,3.982537211,4,100.438484
H10,Arthraerua_leubnitziae ,8,4,3.4793,Grass,Unvegetated_patch,18.77,19.03,18.84,0.26,0.07,26.92307692,3.982537211,2.542565385,63.84285319
H10,Arthraerua_leubnitziae ,8,4,3.3847,Grass,Unvegetated_patch,17.42,17.68,17.49,0.26,0.07,26.92307692,3.982537211,2.473434615,62.10700577
H10,Arthraerua_leubnitziae ,0,4,4,Shrub,Unvegetated_patch,17.16,17.42,17.15,0.26,-0.01,-3.846153846,3.998031159,4.153846154,103.8972932
H10,Arthraerua_leubnitziae ,8,4,3.4785,Shrub,Unvegetated_patch,17.18,17.44,17.25,0.26,0.07,26.92307692,3.998031159,2.541980769,63.58081436
H10,Salsola_nollothensis,0,4,3.7901,Grass,Unvegetated_patch,16.67,16.92,16.66,0.25,-0.01,-4,3.982537211,3.941704,98.97469356
H10,Salsola_nollothensis,8,4,3.7951,Grass,Unvegetated_patch,42.42,42.68,42.49,0.26,0.07,26.92307692,3.982537211,2.773342308,69.63757426
H10,Salsola_nollothensis,4,4,4.1392,Grass,Vegetated_patch,17.11,17.36,17.12,0.25,0.01,4,3.982537211,3.973632,99.77639354
H10,Salsola_nollothensis,8,4,4.0529,Grass,Vegetated_patch,17.42,17.68,17.42,0.26,0,0,3.982537211,4.0529,101.766783
H10,Salsola_nollothensis,0,4,4,Shrub,Unvegetated_patch,17.2,17.45,17.21,0.25,0.01,4,3.998031159,3.84,96.04727545
H10,Salsola_nollothensis,8,4,3.9766,Shrub,Unvegetated_patch,40.4,40.66,40.48,0.26,0.08,30.76923077,3.998031159,2.753030769,68.85966266
H10,Salsola_nollothensis,4,4,3.6054,Shrub,Vegetated_patch,17.42,17.66,17.5,0.24,0.08,33.33333333,3.998031159,2.4036,60.11959148
H10,Salsola_nollothensis,8,4,5.0975,Shrub,Vegetated_patch,17.18,17.43,17.33,0.25,0.15,60,3.998031159,2.039,51.00010277
H10 ,Arthraerua_leubnitziae ,0,4,4,Grass,Vegetated_patch,17.11,17.36,17.1,0.25,-0.01,-4,3.982537211,4.16,104.4560234
H10 ,Arthraerua_leubnitziae ,0,4,4,Shrub,Vegetated_patch,17.25,17.49,17.26,0.24,0.01,4.166666667,3.998031159,3.833333333,95.88052671
H10 ,Salsola_nollothensis,0,4,4,Grass,Vegetated_patch,16.41,16.56,16.43,0.15,0.02,13.33333333,3.982537211,3.466666667,87.04668615
H10 ,Salsola_nollothensis,0,4,4,Shrub,Vegetated_patch,16.38,16.63,16.38,0.25,0,0,3.998031159,4,100.0492453
H2,Arthraerua_leubnitziae ,0,4,4,Grass,Unvegetated_patch,19.13,19.37,19.12,0.24,-0.01,-4.166666667,3.982537211,4.166666667,104.6234209
H2,Arthraerua_leubnitziae ,0,4,4,Grass,Vegetated_patch,16.69,16.94,16.7,0.25,0.01,4,3.982537211,3.84,96.42094466
H2,Arthraerua_leubnitziae ,0,4,4,Shrub,Unvegetated_patch,18.09,18.34,18.1,0.25,0.01,4,3.998031159,3.84,96.04727545
H2,Arthraerua_leubnitziae ,4,4,4.8949,Shrub,Vegetated_patch,16.67,16.92,16.82,0.25,0.15,60,3.998031159,1.95796,48.97310506
H2,Ectadium_rotundifolium ,0,4,4,Grass,Unvegetated_patch,18.83,19.09,18.82,0.26,-0.01,-3.846153846,3.982537211,4.153846154,104.3015026
H2,Ectadium_rotundifolium ,0,4,4,Grass,Vegetated_patch,17.45,17.7,17.45,0.25,0,0,3.982537211,4,100.438484
H2,Ectadium_rotundifolium ,0,4,4,Shrub,Unvegetated_patch,17.99,18.24,17.99,0.25,0,0,3.998031159,4,100.0492453
H2,Salsola_nollothensis,0,4,4,Grass,Unvegetated_patch,17.12,17.33,17.13,0.21,0.01,4.761904762,3.982537211,3.80952381,95.65569907
H2,Salsola_nollothensis,0,4,4,Grass,Vegetated_patch,53.53,53.79,53.53,0.26,0,0,3.982537211,4,100.438484
H2,Salsola_nollothensis,4,4,4.0092,Grass,Vegetated_patch,16.38,16.64,16.39,0.26,0.01,3.846153846,3.982537211,3.855,96.79758898
H2,Salsola_nollothensis,0,4,4,Shrub,Unvegetated_patch,18.82,19.08,18.82,0.26,0,0,3.998031159,4,100.0492453
H2,Salsola_nollothensis,4,4,4.4333,Shrub,Vegetated_patch,16.7,16.94,16.86,0.24,0.16,66.66666667,3.998031159,1.477766667,36.96235992
H2 ,Arthraerua_leubnitziae ,4,4,3.5341,Grass,Unvegetated_patch,16.38,16.63,16.4,0.25,0.02,8,3.982537211,3.251372,81.64071867
H2 ,Arthraerua_leubnitziae ,4,4,3.1901,Grass,Vegetated_patch,17.42,17.68,17.44,0.26,0.02,7.692307692,3.982537211,2.944707692,73.94049413
H2 ,Arthraerua_leubnitziae ,4,4,4.4428,Shrub,Unvegetated_patch,16.31,16.56,16.42,0.25,0.11,44,3.998031159,2.487968,62.22983016
H2 ,Arthraerua_leubnitziae ,8,4,3.3245,Shrub,Unvegetated_patch,16.69,16.94,16.74,0.25,0.05,20,3.998031159,2.6596,66.52274317
H2 ,Arthraerua_leubnitziae ,8,4,3.5543,Shrub,Unvegetated_patch,17.13,17.38,17.19,0.25,0.06,24,3.998031159,2.701268,67.56495616
H2 ,Arthraerua_leubnitziae ,14,4,3.9913,Shrub,Unvegetated_patch,17.65,17.91,17.7,0.26,0.05,19.23076923,3.998031159,3.223742308,80.6332462
H2 ,Arthraerua_leubnitziae ,14,4,4.101,Shrub,Unvegetated_patch,38.29,38.54,38.35,0.25,0.06,24,3.998031159,3.11676,77.95737141
H2 ,Arthraerua_leubnitziae ,0,4,4,Shrub,Vegetated_patch,17.42,17.67,17.42,0.25,0,0,3.998031159,4,100.0492453
H2 ,Arthraerua_leubnitziae ,8,4,3.6213,Shrub,Vegetated_patch,38.28,38.53,38.37,0.25,0.09,36,3.998031159,2.317632,57.9693331
H2 ,Arthraerua_leubnitziae ,14,4,3.802,Shrub,Vegetated_patch,17.24,17.5,17.3,0.26,0.06,23.07692308,3.998031159,2.924615385,73.15139048
H2 ,Arthraerua_leubnitziae ,14,4,4.5663,Shrub,Vegetated_patch,16.37,16.62,16.48,0.25,0.11,44,3.998031159,2.557128,63.95968161
H2 ,Ectadium_rotundifolium ,8,4,4.2059,Grass,Unvegetated_patch,18.83,19.08,18.94,0.25,0.11,44,3.982537211,2.355304,59.14079079
H2 ,Ectadium_rotundifolium ,14,4,NA,Grass,Unvegetated_patch,NA,NA,NA,NA,NA,NA,3.982537211,NA,NA
H2 ,Ectadium_rotundifolium ,8,4,4.1864,Grass,Vegetated_patch,17.99,18.23,18.12,0.24,0.13,54.16666667,3.982537211,1.918766667,48.1795038
H2 ,Ectadium_rotundifolium ,8,4,3.6451,Grass,Vegetated_patch,17.65,17.9,17.69,0.25,0.04,16,3.982537211,3.061884,76.8827468
H2 ,Ectadium_rotundifolium ,14,4,2.3751,Grass,Vegetated_patch,18.77,19.01,18.79,0.24,0.02,8.333333333,3.982537211,2.177175,54.66803911
H2 ,Ectadium_rotundifolium ,8,4,4.808,Shrub,Unvegetated_patch,18.09,18.34,18.23,0.25,0.14,56,3.998031159,2.11552,52.91404483
H2 ,Ectadium_rotundifolium ,14,4,NA,Shrub,Unvegetated_patch,NA,NA,NA,NA,NA,NA,3.998031159,NA,NA
H2 ,Ectadium_rotundifolium ,0,4,4,Shrub,Vegetated_patch,20.25,20.5,20.24,0.25,-0.01,-4,3.998031159,4.16,104.0512151
H2 ,Ectadium_rotundifolium ,8,4,4.5329,Shrub,Vegetated_patch,17.24,17.49,17.38,0.25,0.14,56,3.998031159,1.994476,49.88645462
H2 ,Ectadium_rotundifolium ,8,4,3.4167,Shrub,Vegetated_patch,53.57,53.81,53.59,0.24,0.02,8.333333333,3.998031159,3.131975,78.33793373
H2 ,Ectadium_rotundifolium ,14,4,3.0135,Shrub,Vegetated_patch,17.18,17.44,17.26,0.26,0.08,30.76923077,3.998031159,2.086269231,52.18241549
H2 ,Salsola_nollothensis,4,4,6.0968,Grass,Unvegetated_patch,38.29,38.52,38.49,0.23,0.2,86.95652174,3.982537211,0.795234783,19.968044
H2 ,Salsola_nollothensis,8,4,3.642,Grass,Unvegetated_patch,18.76,19.02,18.82,0.26,0.06,23.07692308,3.982537211,2.801538462,70.345569
H2 ,Salsola_nollothensis,4,4,4.0531,Grass,Vegetated_patch,17.25,17.51,17.32,0.26,0.07,26.92307692,3.982537211,2.961880769,74.37170358
H2 ,Salsola_nollothensis,8,4,4.7713,Grass,Vegetated_patch,62.11,62.36,62.21,0.25,0.1,40,3.982537211,2.86278,71.88332082
H2 ,Salsola_nollothensis,14,4,6.6586,Grass,Vegetated_patch,20.15,20.4,20.38,0.25,0.23,92,3.982537211,0.532688,13.37559379
H2 ,Salsola_nollothensis,4,4,4.4333,Shrub,Unvegetated_patch,36.44,36.7,36.56,0.26,0.12,46.15384615,3.998031159,2.387161538,59.70842756
H2 ,Salsola_nollothensis,8,4,5.0224,Shrub,Unvegetated_patch,16.67,16.94,16.83,0.27,0.16,59.25925926,3.998031159,2.046162963,51.17926503
H2 ,Salsola_nollothensis,14,4,4.2115,Shrub,Unvegetated_patch,36.44,36.68,36.56,0.24,0.12,50,3.998031159,2.10575,52.66967455
H2 ,Salsola_nollothensis,0,4,4,Shrub,Vegetated_patch,17.65,17.91,17.65,0.26,0,0,3.998031159,4,100.0492453
H2 ,Salsola_nollothensis,4,4,4.0678,Shrub,Vegetated_patch,51.97,52.12,52.01,0.15,0.04,26.66666667,3.998031159,2.983053333,74.61305864
H2 ,Salsola_nollothensis,8,4,4.8861,Shrub,Vegetated_patch,58.39,58.64,58.54,0.25,0.15,60,3.998031159,1.95444,48.88506173
H2  ,Salsola_nollothensis,14,4,6.2521,Grass,Unvegetated_patch,20.15,20.4,20.36,0.25,0.21,84,3.982537211,1.000336,25.11805784
H2  ,Salsola_nollothensis,14,4,6.2662,Shrub,Vegetated_patch,17.99,18.24,18.2,0.25,0.21,84,3.998031159,1.002592,25.07714323
H3,Arthraerua_leubnitziae ,0,4,4,Grass,Unvegetated_patch,17.64,17.9,17.64,0.26,0,0,3.982537211,4,100.438484
H3,Arthraerua_leubnitziae ,14,4,6.0269,Grass,Unvegetated_patch,62.11,62.37,62.29,0.26,0.18,69.23076923,3.982537211,1.854430769,46.5640538
H3,Arthraerua_leubnitziae ,0,4,3.9502,Grass,Vegetated_patch,20.15,20.4,20.15,0.25,0,0,3.982537211,3.9502,99.1880249
H3,Arthraerua_leubnitziae ,0,4,4,Shrub,Unvegetated_patch,18.77,19.02,18.76,0.25,-0.01,-4,3.998031159,4.16,104.0512151
H3,Arthraerua_leubnitziae ,8,4,3.3245,Shrub,Unvegetated_patch,40.4,40.65,40.46,0.25,0.06,24,3.998031159,2.52662,63.19660601
H3,Arthraerua_leubnitziae ,8,4,3.9462,Shrub,Unvegetated_patch,19.12,19.37,19.21,0.25,0.09,36,3.998031159,2.525568,63.17029306
H3,Arthraerua_leubnitziae ,14,4,4.8794,Shrub,Unvegetated_patch,20.15,20.41,20.21,0.26,0.06,23.07692308,3.998031159,3.753384615,93.88082448
H3,Arthraerua_leubnitziae ,14,4,6.5305,Shrub,Vegetated_patch,36.43,36.69,36.61,0.26,0.18,69.23076923,3.998031159,2.009384615,50.25935355
H3,Arthraerua_leubnitziae ,14,4,3.9144,Shrub,Vegetated_patch,17.64,17.89,17.69,0.25,0.05,20,3.998031159,3.13152,78.32655313
H3,Ectadium_rotundifolium ,0,4,4,Grass,Unvegetated_patch,18.08,18.31,18.08,0.23,0,0,3.982537211,4,100.438484
H3,Ectadium_rotundifolium ,4,4,3.2038,Grass,Unvegetated_patch,17.24,17.49,17.27,0.25,0.03,12,3.982537211,2.819344,70.79265932
H3,Ectadium_rotundifolium ,8,4,NA,Grass,Unvegetated_patch,NA,NA,NA,NA,NA,NA,3.982537211,NA,NA
H3,Ectadium_rotundifolium ,14,4,3.8003,Grass,Unvegetated_patch,16.67,16.93,16.75,0.26,0.08,30.76923077,3.982537211,2.630976923,66.06283341
H3,Ectadium_rotundifolium ,0,4,4,Grass,Vegetated_patch,16.5,16.75,16.5,0.25,0,0,3.982537211,4,100.438484
H3,Ectadium_rotundifolium ,8,4,4.4663,Grass,Vegetated_patch,39.5,39.75,39.63,0.25,0.13,52,3.982537211,2.143824,53.83060814
H3,Ectadium_rotundifolium ,4,4,3.776,Grass,Vegetated_patch,17.14,17.39,17.23,0.25,0.09,36,3.982537211,2.41664,60.68091451
H3,Ectadium_rotundifolium ,14,4,3.6452,Grass,Vegetated_patch,16.69,16.94,16.79,0.25,0.1,40,3.982537211,2.18712,54.91775429
H3,Ectadium_rotundifolium ,0,4,4,Shrub,Unvegetated_patch,17.45,17.7,17.44,0.25,-0.01,-4,3.998031159,4.16,104.0512151
H3,Ectadium_rotundifolium ,4,4,4.196,Shrub,Unvegetated_patch,16.38,16.63,16.49,0.25,0.11,44,3.998031159,2.34976,58.77292863
H3,Ectadium_rotundifolium ,8,4,NA,Shrub,Unvegetated_patch,NA,NA,NA,NA,NA,NA,3.998031159,NA,NA
H3,Ectadium_rotundifolium ,14,4,3.5303,Shrub,Unvegetated_patch,20.14,20.43,20.35,0.29,0.21,72.4137931,3.998031159,0.973875862,24.35888624
H3,Ectadium_rotundifolium ,4,4,5.0699,Shrub,Vegetated_patch,17.15,17.41,17.32,0.26,0.17,65.38461538,3.998031159,1.754965385,43.89574055
H3,Ectadium_rotundifolium ,4,4,4.2777,Shrub,Vegetated_patch,17.64,17.9,17.76,0.26,0.12,46.15384615,3.998031159,2.303376923,57.61278067
H3,Ectadium_rotundifolium ,8,4,3.636,Shrub,Vegetated_patch,39.43,39.67,39.48,0.24,0.05,20.83333333,3.998031159,2.8785,71.99793812
H3,Ectadium_rotundifolium ,4,4,4.1055,Shrub,Vegetated_patch,17.24,17.49,17.37,0.25,0.13,52,3.998031159,1.97064,49.29026117
H3,Ectadium_rotundifolium ,14,4,3.4521,Shrub,Vegetated_patch,20.15,20.42,20.17,0.27,0.02,7.407407407,3.998031159,3.196388889,79.94907397
H3,Salsola_nollothensis,0,4,4,Grass,Unvegetated_patch,18.76,19.03,18.76,0.27,0,0,3.982537211,4,100.438484
H3,Salsola_nollothensis,4,4,4.0015,Grass,Unvegetated_patch,18.83,19.09,18.86,0.26,0.03,11.53846154,3.982537211,3.539788462,88.88274671
H3,Salsola_nollothensis,8,4,3.9342,Grass,Unvegetated_patch,17.25,17.52,17.32,0.27,0.07,25.92592593,3.982537211,2.914222222,73.17501553
H3,Salsola_nollothensis,0,4,4,Grass,Vegetated_patch,16.32,16.56,16.32,0.24,0,0,3.982537211,4,100.438484
H3,Salsola_nollothensis,4,4,4.453,Grass,Vegetated_patch,18.09,18.34,18.11,0.25,0.02,8,3.982537211,4.09676,102.868091
H3,Salsola_nollothensis,8,4,5.8815,Grass,Vegetated_patch,58.39,58.62,58.49,0.23,0.1,43.47826087,3.982537211,3.324326087,83.47256814
H3,Salsola_nollothensis,14,4,5.12,Grass,Vegetated_patch,17.24,17.49,17.45,0.25,0.21,84,3.982537211,0.8192,20.56980153
H3,Salsola_nollothensis,0,4,4,Shrub,Unvegetated_patch,19.12,19.37,19.13,0.25,0.01,4,3.998031159,3.84,96.04727545
H3,Salsola_nollothensis,4,4,4.8829,Shrub,Unvegetated_patch,17.25,17.49,17.39,0.24,0.14,58.33333333,3.998031159,2.034541667,50.88858955
H3,Salsola_nollothensis,8,4,4.0773,Shrub,Unvegetated_patch,19.12,19.38,19.22,0.26,0.1,38.46153846,3.998031159,2.509107692,62.75858272
H3,Salsola_nollothensis,14,4,NA,Shrub,Unvegetated_patch,NA,NA,NA,NA,NA,NA,3.998031159,NA,NA
H3,Salsola_nollothensis,4,4,4.026,Shrub,Vegetated_patch,19.13,19.37,19.15,0.24,0.02,8.333333333,3.998031159,3.6905,92.30793491
H3,Salsola_nollothensis,8,4,3.9874,Shrub,Vegetated_patch,62.1,62.36,62.15,0.26,0.05,19.23076923,3.998031159,3.220592308,80.55445742
H3 ,Arthraerua_leubnitziae ,8,4,4.0829,Grass,Unvegetated_patch,17.99,18.24,18.09,0.25,0.1,40,3.982537211,2.44974,61.51204296
H3 ,Arthraerua_leubnitziae ,4,4,3.6615,Grass,Vegetated_patch,17.15,17.4,17.21,0.25,0.06,24,3.982537211,2.78274,69.87354676
H3 ,Arthraerua_leubnitziae ,8,4,3.1884,Grass,Vegetated_patch,58.39,58.64,58.4,0.25,0.01,4,3.982537211,3.060864,76.85713499
H3 ,Arthraerua_leubnitziae ,0,4,4,Shrub,Vegetated_patch,17.25,17.51,17.24,0.26,-0.01,-3.846153846,3.998031159,4.153846154,103.8972932
H3 ,Arthraerua_leubnitziae ,4,4,4.1765,Shrub,Vegetated_patch,17.12,17.36,17.22,0.24,0.1,41.66666667,3.998031159,2.436291667,60.93728562
H3 ,Arthraerua_leubnitziae ,8,4,4.9055,Shrub,Vegetated_patch,62.11,62.36,62.26,0.25,0.15,60,3.998031159,1.9622,49.07915726
H3 ,Ectadium_rotundifolium ,0,4,4,Shrub,Vegetated_patch,16.33,16.57,16.33,0.24,0,0,3.998031159,4,100.0492453
H3 ,Salsola_nollothensis,14,4,6.6767,Grass,Unvegetated_patch,42.42,42.66,42.62,0.24,0.2,83.33333333,3.982537211,1.112783333,27.94156776
H3 ,Salsola_nollothensis,0,4,4,Shrub,Vegetated_patch,17.19,17.43,17.2,0.24,0.01,4.166666667,3.998031159,3.833333333,95.88052671
H3 ,Salsola_nollothensis,14,4,4.7319,Shrub,Vegetated_patch,39.5,39.75,39.66,0.25,0.16,64,3.998031159,1.703484,42.60807213
H3 ,Salsola_nollothensis,14,4,NA,Shrub,Vegetated_patch,NA,NA,NA,NA,NA,NA,3.998031159,NA,NA
H3 ,Salsola_nollothensis,14,4,3.4778,Shrub,Vegetated_patch,16.67,16.92,16.71,0.25,0.04,16,3.998031159,2.921352,73.06976568
H4,Arthraerua_leubnitziae ,0,4,4,Grass,Unvegetated_patch,17.13,17.38,17.13,0.25,0,0,3.982537211,4,100.438484
H4,Arthraerua_leubnitziae ,4,4,4.6544,Grass,Vegetated_patch,18.76,19.02,18.87,0.26,0.11,42.30769231,3.982537211,2.685230769,67.42512693
H4,Arthraerua_leubnitziae ,8,4,3.7082,Grass,Vegetated_patch,16.38,16.62,16.4,0.24,0.02,8.333333333,3.982537211,3.399183333,85.35220523
H4,Arthraerua_leubnitziae ,8,4,3.1407,Grass,Vegetated_patch,16.32,16.56,16.33,0.24,0.01,4.166666667,3.982537211,3.0098375,75.57587891
H4,Arthraerua_leubnitziae ,14,4,3.9036,Grass,Vegetated_patch,20.15,20.4,20.18,0.25,0.03,12,3.982537211,3.435168,86.25576657
H4,Arthraerua_leubnitziae ,0,4,4,Shrub,Unvegetated_patch,17.99,18.24,18,0.25,0.01,4,3.998031159,3.84,96.04727545
H4,Arthraerua_leubnitziae ,8,4,4.0139,Shrub,Unvegetated_patch,16.69,16.94,16.8,0.25,0.11,44,3.998031159,2.247784,56.22227318
H4,Arthraerua_leubnitziae ,8,4,3.4785,Shrub,Unvegetated_patch,51.85,52.1,51.88,0.25,0.03,12,3.998031159,3.06108,76.56468592
H4,Arthraerua_leubnitziae ,14,4,4.4125,Shrub,Unvegetated_patch,17.99,18.24,18.06,0.25,0.07,28,3.998031159,3.177,79.46411305
H4,Arthraerua_leubnitziae ,4,4,5.3926,Shrub,Vegetated_patch,17.24,17.49,17.42,0.25,0.18,72,3.998031159,1.509928,37.7667892
H4,Arthraerua_leubnitziae ,14,4,5.6345,Shrub,Vegetated_patch,17.25,17.51,17.4,0.26,0.15,57.69230769,3.998031159,2.383826923,59.62502112
H4,Ectadium_rotundifolium ,0,4,3.9321,Grass,Unvegetated_patch,17.16,17.4,17.16,0.24,0,0,3.982537211,3.9321,98.73354076
H4,Ectadium_rotundifolium ,14,4,3.5952,Grass,Unvegetated_patch,17.13,17.39,17.2,0.26,0.07,26.92307692,3.982537211,2.627261538,65.96954151
H4,Ectadium_rotundifolium ,4,4,3.2638,Grass,Vegetated_patch,51.92,52.17,51.96,0.25,0.04,16,3.982537211,2.741592,68.84033607
H4,Ectadium_rotundifolium ,14,4,NA,Grass,Vegetated_patch,NA,NA,NA,NA,NA,NA,3.982537211,NA,NA
H4,Ectadium_rotundifolium ,0,4,4,Shrub,Unvegetated_patch,17.22,17.46,17.22,0.24,0,0,3.998031159,4,100.0492453
H4,Ectadium_rotundifolium ,14,4,3.7386,Shrub,Unvegetated_patch,16.38,16.64,16.55,0.26,0.17,65.38461538,3.998031159,1.294130769,32.36920168
H4,Ectadium_rotundifolium ,4,4,4.1408,Shrub,Vegetated_patch,53.5,53.76,53.55,0.26,0.05,19.23076923,3.998031159,3.344492308,83.65348279
H4,Ectadium_rotundifolium ,14,4,NA,Shrub,Vegetated_patch,NA,NA,NA,NA,NA,NA,3.998031159,NA,NA
H4,Salsola_nollothensis,0,4,4,Grass,Unvegetated_patch,17.24,17.5,17.24,0.26,0,0,3.982537211,4,100.438484
H4,Salsola_nollothensis,4,4,4.0055,Grass,Unvegetated_patch,42.42,42.68,42.43,0.26,0.01,3.846153846,3.982537211,3.851442308,96.70825667
H4,Salsola_nollothensis,8,4,3.9428,Grass,Unvegetated_patch,16.37,16.62,16.41,0.25,0.04,16,3.982537211,3.311952,83.16185951
H4,Salsola_nollothensis,14,4,NA,Grass,Unvegetated_patch,NA,NA,NA,NA,NA,NA,3.982537211,NA,NA
H4,Salsola_nollothensis,14,4,NA,Grass,Unvegetated_patch,NA,NA,NA,NA,NA,NA,3.982537211,NA,NA
H4,Salsola_nollothensis,8,4,4.2257,Grass,Vegetated_patch,17.25,17.51,17.28,0.26,0.03,11.53846154,3.982537211,3.738119231,93.86275716
H4,Salsola_nollothensis,8,4,4.193,Grass,Vegetated_patch,17.42,17.68,17.44,0.26,0.02,7.692307692,3.982537211,3.870461538,97.18582235
H4,Salsola_nollothensis,14,4,NA,Grass,Vegetated_patch,NA,NA,NA,NA,NA,NA,3.982537211,NA,NA
H4,Salsola_nollothensis,0,4,4,Shrub,Unvegetated_patch,17.14,17.39,17.14,0.25,0,0,3.998031159,4,100.0492453
H4,Salsola_nollothensis,4,4,3.9307,Shrub,Unvegetated_patch,40.4,40.66,40.47,0.26,0.07,26.92307692,3.998031159,2.872434615,71.84622883
H4,Salsola_nollothensis,8,4,4.0666,Shrub,Unvegetated_patch,17.12,17.38,17.25,0.26,0.13,50,3.998031159,2.0333,50.8575326
H4,Salsola_nollothensis,14,4,NA,Shrub,Unvegetated_patch,NA,NA,NA,NA,NA,NA,3.998031159,NA,NA
H4,Salsola_nollothensis,8,4,4.2443,Shrub,Vegetated_patch,20.15,20.4,20.3,0.25,0.15,60,3.998031159,1.69772,42.46390116
H4,Salsola_nollothensis,8,4,4.0956,Shrub,Vegetated_patch,17.18,17.43,17.22,0.25,0.04,16,3.998031159,3.440304,86.04995466
H4 ,Arthraerua_leubnitziae ,4,4,4.932,Grass,Unvegetated_patch,17.65,17.9,17.79,0.25,0.14,56,3.982537211,2.17008,54.48988635
H4 ,Arthraerua_leubnitziae ,0,4,3.9001,Grass,Vegetated_patch,16.67,16.93,16.67,0.26,0,0,3.982537211,3.9001,97.93003288
H4 ,Arthraerua_leubnitziae ,4,4,7.6294,Shrub,Unvegetated_patch,17.42,17.8,17.68,0.38,0.26,68.42105263,3.998031159,2.409284211,60.26176672
H4 ,Arthraerua_leubnitziae ,0,4,4,Shrub,Vegetated_patch,17.11,17.36,17.12,0.25,0.01,4,3.998031159,3.84,96.04727545
H4 ,Arthraerua_leubnitziae ,4,4,4.6295,Shrub,Vegetated_patch,58.39,58.64,58.52,0.25,0.13,52,3.998031159,2.22216,55.58135771
H4 ,Arthraerua_leubnitziae ,4,4,4.0909,Shrub,Vegetated_patch,53.63,53.88,53.76,0.25,0.13,52,3.998031159,1.963632,49.11497489
H4 ,Ectadium_rotundifolium ,4,4,4.691,Grass,Unvegetated_patch,17.14,17.39,17.26,0.25,0.12,48,3.982537211,2.43932,61.25040071
H4 ,Ectadium_rotundifolium ,8,4,3.7837,Grass,Unvegetated_patch,16.69,16.95,16.73,0.26,0.04,15.38461538,3.982537211,3.201592308,80.39076946
H4 ,Ectadium_rotundifolium ,0,4,3.502,Grass,Vegetated_patch,17.17,17.43,17.17,0.26,0,0,3.982537211,3.502,87.93389276
H4 ,Ectadium_rotundifolium ,8,4,3.0586,Grass,Vegetated_patch,51.86,52.11,51.88,0.25,0.02,8,3.982537211,2.813912,70.65626386
H4 ,Ectadium_rotundifolium ,4,4,4.3179,Shrub,Unvegetated_patch,16.67,16.92,16.78,0.25,0.11,44,3.998031159,2.418024,60.48036905
H4 ,Ectadium_rotundifolium ,8,4,4.4427,Shrub,Unvegetated_patch,17.99,18.24,18.12,0.25,0.13,52,3.998031159,2.132496,53.33865383
H4 ,Ectadium_rotundifolium ,0,4,4,Shrub,Vegetated_patch,17.19,17.44,17.19,0.25,0,0,3.998031159,4,100.0492453
H4 ,Ectadium_rotundifolium ,8,4,4.1816,Shrub,Vegetated_patch,53.59,53.84,53.71,0.25,0.12,48,3.998031159,2.174432,54.38757012
H4 ,Salsola_nollothensis,0,4,3.5621,Grass,Vegetated_patch,17.32,17.78,17.32,0.46,0,0,3.982537211,3.5621,89.44298098
H4 ,Salsola_nollothensis,0,4,4,Shrub,Vegetated_patch,17.3,17.47,17.3,0.17,0,0,3.998031159,4,100.0492453
H5,Arthraerua_leubnitziae ,0,4,4,Grass,Unvegetated_patch,39.5,39.75,39.5,0.25,0,0,3.982537211,4,100.438484
H5,Arthraerua_leubnitziae ,14,4,5.4384,Grass,Vegetated_patch,20.15,20.4,20.26,0.25,0.11,44,3.982537211,3.045504,76.47145121
H5,Arthraerua_leubnitziae ,0,4,4,Shrub,Unvegetated_patch,39.43,39.67,39.43,0.24,0,0,3.998031159,4,100.0492453
H5,Arthraerua_leubnitziae ,4,4,4.19,Shrub,Unvegetated_patch,17.18,17.43,17.32,0.25,0.14,56,3.998031159,1.8436,46.11269714
H5,Arthraerua_leubnitziae ,8,4,4.2872,Shrub,Vegetated_patch,17.24,17.49,17.33,0.25,0.09,36,3.998031159,2.743808,68.62897988
H5,Arthraerua_leubnitziae ,14,4,7.056,Shrub,Vegetated_patch,39.5,39.75,39.78,0.25,0.28,112,3.998031159,-0.84672,-21.17842424
H5,Ectadium_rotundifolium ,0,4,4,Grass,Unvegetated_patch,17.55,17.8,17.55,0.25,0,0,3.982537211,4,100.438484
H5,Ectadium_rotundifolium ,8,4,3.569,Grass,Unvegetated_patch,36.42,36.69,36.46,0.27,0.04,14.81481481,3.982537211,3.040259259,76.33975776
H5,Ectadium_rotundifolium ,4,4,3.5294,Grass,Unvegetated_patch,36.44,36.69,36.47,0.25,0.03,12,3.982537211,3.105872,77.98726881
H5,Ectadium_rotundifolium ,14,4,3.4167,Grass,Unvegetated_patch,42.42,42.69,42.45,0.27,0.03,11.11111111,3.982537211,3.037066667,76.25959297
H5,Ectadium_rotundifolium ,4,4,4.1621,Grass,Vegetated_patch,17.11,17.37,17.18,0.26,0.07,26.92307692,3.982537211,3.041534615,76.37178147
H5,Ectadium_rotundifolium ,8,4,3.4167,Grass,Vegetated_patch,51.84,52.1,51.84,0.26,0,0,3.982537211,3.4167,85.79204209
H5,Ectadium_rotundifolium ,14,4,NA,Grass,Vegetated_patch,NA,NA,NA,NA,NA,NA,3.982537211,NA,NA
H5,Ectadium_rotundifolium ,0,4,4,Shrub,Unvegetated_patch,18.62,18.87,18.63,0.25,0.01,4,3.998031159,3.84,96.04727545
H5,Ectadium_rotundifolium ,8,4,4.8233,Shrub,Unvegetated_patch,38.3,38.54,38.45,0.24,0.15,62.5,3.998031159,1.8087375,45.24070544
H5,Ectadium_rotundifolium ,4,4,4.1455,Shrub,Unvegetated_patch,42.29,42.69,42.38,0.4,0.09,22.5,3.998031159,3.2127625,80.35861583
H5,Ectadium_rotundifolium ,14,4,NA,Shrub,Unvegetated_patch,NA,NA,NA,NA,NA,NA,3.998031159,NA,NA
H5,Ectadium_rotundifolium ,8,4,4.4585,Shrub,Vegetated_patch,39.43,39.68,39.59,0.25,0.16,64,3.998031159,1.60506,40.1462604
H5,Ectadium_rotundifolium ,8,4,4.7552,Shrub,Vegetated_patch,53.52,53.8,53.68,0.28,0.16,57.14285714,3.998031159,2.037942857,50.97366118
H5,Ectadium_rotundifolium ,4,4,4.1395,Shrub,Vegetated_patch,17.65,17.9,17.74,0.25,0.09,36,3.998031159,2.64928,66.26461612
H5,Ectadium_rotundifolium ,8,4,3.6451,Shrub,Vegetated_patch,53.57,53.81,53.69,0.24,0.12,50,3.998031159,1.82255,45.58618799
H5,Ectadium_rotundifolium ,14,4,NA,Shrub,Vegetated_patch,NA,NA,NA,NA,NA,NA,3.998031159,NA,NA
H5,Salsola_nollothensis,0,4,4,Grass,Unvegetated_patch,20.15,20.6,20.15,0.45,0,0,3.982537211,4,100.438484
H5,Salsola_nollothensis,4,4,3.7876,Grass,Unvegetated_patch,17.25,17.51,17.27,0.26,0.02,7.692307692,3.982537211,3.496246154,87.78941587
H5,Salsola_nollothensis,8,4,4.5369,Grass,Unvegetated_patch,18.83,19.09,18.98,0.26,0.15,57.69230769,3.982537211,1.919457692,48.19685519
H5,Salsola_nollothensis,14,4,5.2065,Grass,Unvegetated_patch,39.51,39.75,39.68,0.24,0.17,70.83333333,3.982537211,1.5185625,38.13052885
H5,Salsola_nollothensis,14,4,NA,Grass,Unvegetated_patch,NA,NA,NA,NA,NA,NA,3.982537211,NA,NA
H5,Salsola_nollothensis,4,4,4.1621,Grass,Vegetated_patch,18.84,19.09,18.86,0.25,0.02,8,3.982537211,3.829132,96.1480533
H5,Salsola_nollothensis,14,4,6.0194,Grass,Vegetated_patch,17.14,17.4,17.26,0.26,0.12,46.15384615,3.982537211,3.241215385,81.3856899
H5,Salsola_nollothensis,0,4,4,Shrub,Unvegetated_patch,53.6,53.85,53.61,0.25,0.01,4,3.998031159,3.84,96.04727545
H5,Salsola_nollothensis,4,4,3.9149,Shrub,Unvegetated_patch,18.76,19.02,18.82,0.26,0.06,23.07692308,3.998031159,3.011461538,75.32361351
H5,Salsola_nollothensis,8,4,4.2817,Shrub,Unvegetated_patch,20.15,20.4,20.29,0.25,0.14,56,3.998031159,1.883948,47.12189388
H5,Salsola_nollothensis,14,4,NA,Shrub,Unvegetated_patch,NA,NA,NA,NA,NA,NA,3.998031159,NA,NA
H5,Salsola_nollothensis,4,4,4.1395,Shrub,Vegetated_patch,17.98,18.26,18.06,0.28,0.08,28.57142857,3.998031159,2.956785714,73.95604478
H5,Salsola_nollothensis,14,4,5.1386,Shrub,Vegetated_patch,18.09,18.33,18.31,0.24,0.22,91.66666667,3.998031159,0.428216667,10.71068858
H5 ,Arthraerua_leubnitziae ,8,4,3.0451,Grass,Unvegetated_patch,20.15,20.4,20.18,0.25,0.03,12,3.982537211,2.679688,67.28595009
H5 ,Arthraerua_leubnitziae ,8,4,4.536,Grass,Unvegetated_patch,17.65,17.88,17.76,0.23,0.11,47.82608696,3.982537211,2.366608696,59.42464742
H5 ,Arthraerua_leubnitziae ,0,4,4,Grass,Vegetated_patch,36.44,36.7,36.45,0.26,0.01,3.846153846,3.982537211,3.846153846,96.57546541
H5 ,Arthraerua_leubnitziae ,4,4,4.9452,Grass,Vegetated_patch,17.25,17.5,17.37,0.25,0.12,48,3.982537211,2.571504,64.56949085
H5 ,Arthraerua_leubnitziae ,4,4,4.0843,Shrub,Unvegetated_patch,42.42,42.67,42.56,0.25,0.14,56,3.998031159,1.797092,44.94942456
H5 ,Arthraerua_leubnitziae ,0,4,4,Shrub,Vegetated_patch,38.29,38.52,38.29,0.23,0,0,3.998031159,4,100.0492453
H5 ,Arthraerua_leubnitziae ,4,4,4.6885,Shrub,Vegetated_patch,19.12,19.36,19.19,0.24,0.07,29.16666667,3.998031159,3.321020833,83.06640697
H5 ,Ectadium_rotundifolium ,0,4,4,Grass,Vegetated_patch,17.21,17.46,17.22,0.25,0.01,4,3.982537211,3.84,96.42094466
H5 ,Ectadium_rotundifolium ,0,4,4,Shrub,Vegetated_patch,18.76,19.03,18.76,0.27,0,0,3.998031159,4,100.0492453
H5 ,Salsola_nollothensis,0,4,4,Grass,Vegetated_patch,16.68,16.94,16.68,0.26,0,0,3.982537211,4,100.438484
H5 ,Salsola_nollothensis,0,4,4,Shrub,Vegetated_patch,17.64,17.89,17.64,0.25,0,0,3.998031159,4,100.0492453
H6,Arthraerua_leubnitziae ,0,4,4,Grass,Unvegetated_patch,62.11,62.36,62.12,0.25,0.01,4,3.982537211,3.84,96.42094466
H6,Arthraerua_leubnitziae ,8,4,3.4793,Grass,Unvegetated_patch,53.58,53.82,53.59,0.24,0.01,4.166666667,3.982537211,3.334329167,83.72374168
H6,Arthraerua_leubnitziae ,4,4,3.6113,Grass,Unvegetated_patch,38.28,38.53,38.29,0.25,0.01,4,3.982537211,3.466848,87.05123936
H6,Arthraerua_leubnitziae ,0,4,4,Shrub,Unvegetated_patch,58.39,58.64,58.39,0.25,0,0,3.998031159,4,100.0492453
H6,Arthraerua_leubnitziae ,8,4,4.36,Shrub,Unvegetated_patch,16.31,16.55,16.45,0.24,0.14,58.33333333,3.998031159,1.816666667,45.43903222
H6,Arthraerua_leubnitziae ,8,4,4.8282,Shrub,Vegetated_patch,17.65,17.89,17.78,0.24,0.13,54.16666667,3.998031159,2.212925,55.35036902
H6,Arthraerua_leubnitziae ,8,4,4.3745,Shrub,Vegetated_patch,38.29,38.55,38.43,0.26,0.14,53.84615385,3.998031159,2.019,50.49985654
H6,Arthraerua_leubnitziae ,14,4,3.9052,Shrub,Vegetated_patch,17.24,17.5,17.29,0.26,0.05,19.23076923,3.998031159,3.1542,78.89383235
H6,Arthraerua_leubnitziae ,14,4,5.8244,Shrub,Vegetated_patch,19.12,19.38,19.27,0.26,0.15,57.69230769,3.998031159,2.464169231,61.63456793
H6,Ectadium_rotundifolium ,0,4,4,Grass,Unvegetated_patch,17.2,17.45,17.2,0.25,0,0,3.982537211,4,100.438484
H6,Ectadium_rotundifolium ,4,4,4.4979,Grass,Unvegetated_patch,18.08,18.34,18.22,0.26,0.14,53.84615385,3.982537211,2.075953846,52.1264143
H6,Ectadium_rotundifolium ,8,4,4.808,Grass,Unvegetated_patch,16.38,16.63,16.48,0.25,0.1,40,3.982537211,2.8848,72.43623468
H6,Ectadium_rotundifolium ,4,4,4.0909,Grass,Vegetated_patch,18.77,19.02,18.85,0.25,0.08,32,3.982537211,2.781812,69.85024503
H6,Ectadium_rotundifolium ,8,4,3.5295,Grass,Vegetated_patch,51.8,52.06,51.88,0.26,0.08,30.76923077,3.982537211,2.4435,61.35535893
H6,Ectadium_rotundifolium ,14,4,NA,Grass,Vegetated_patch,NA,NA,NA,NA,NA,NA,3.982537211,NA,NA
H6,Ectadium_rotundifolium ,0,4,4,Shrub,Unvegetated_patch,17.43,17.69,17.43,0.26,0,0,3.998031159,4,100.0492453
H6,Ectadium_rotundifolium ,4,4,5.9633,Shrub,Unvegetated_patch,17.16,17.43,17.33,0.27,0.17,62.96296296,3.998031159,2.20862963,55.24293187
H6,Ectadium_rotundifolium ,8,4,2.6749,Shrub,Unvegetated_patch,18,18.25,18.01,0.25,0.01,4,3.998031159,2.567904,64.22921427
H6,Ectadium_rotundifolium ,14,4,5.0567,Shrub,Unvegetated_patch,58.39,58.65,58.53,0.26,0.14,53.84615385,3.998031159,2.333861538,58.37527136
H6,Ectadium_rotundifolium ,14,4,4.9132,Shrub,Unvegetated_patch,17.18,17.44,17.28,0.26,0.1,38.46153846,3.998031159,3.023507692,75.62491566
H6,Ectadium_rotundifolium ,4,4,4.0377,Shrub,Vegetated_patch,40.4,40.65,40.52,0.25,0.12,48,3.998031159,2.099604,52.51594889
H6,Ectadium_rotundifolium ,8,4,4.297,Shrub,Vegetated_patch,17.11,17.36,17.23,0.25,0.12,48,3.998031159,2.23444,55.88850889
H6,Ectadium_rotundifolium ,14,4,6.88,Shrub,Vegetated_patch,18.83,19.08,18.95,0.25,0.12,48,3.998031159,3.5776,89.48404496
H6,Salsola_nollothensis,0,4,4,Grass,Unvegetated_patch,39.59,39.84,39.59,0.25,0,0,3.982537211,4,100.438484
H6,Salsola_nollothensis,4,4,3.6748,Grass,Unvegetated_patch,18.08,18.32,18.12,0.24,0.04,16.66666667,3.982537211,3.062333333,76.89402939
H6,Salsola_nollothensis,8,4,4.5199,Grass,Unvegetated_patch,19.12,19.38,19.22,0.26,0.1,38.46153846,3.982537211,2.781476923,69.84183137
H6,Salsola_nollothensis,14,4,NA,Grass,Unvegetated_patch,NA,NA,NA,NA,NA,NA,3.982537211,NA,NA
H6,Salsola_nollothensis,4,4,4.0531,Grass,Vegetated_patch,39.43,39.68,39.43,0.25,0,0,3.982537211,4.0531,101.7718049
H6,Salsola_nollothensis,8,4,4.0497,Grass,Vegetated_patch,18.83,19.09,18.84,0.26,0.01,3.846153846,3.982537211,3.893942308,97.77541556
H6,Salsola_nollothensis,14,4,7.3155,Grass,Vegetated_patch,38.3,38.54,38.53,0.24,0.23,95.83333333,3.982537211,0.3048125,7.653726353
H6,Salsola_nollothensis,0,4,4,Shrub,Unvegetated_patch,42.45,42.7,42.45,0.25,0,0,3.998031159,4,100.0492453
H6,Salsola_nollothensis,4,4,4.0114,Shrub,Unvegetated_patch,17.15,17.4,17.24,0.25,0.09,36,3.998031159,2.567296,64.21400679
H6,Salsola_nollothensis,8,4,5.907,Shrub,Unvegetated_patch,18.82,19.09,18.99,0.27,0.17,62.96296296,3.998031159,2.187777778,54.72137886
H6,Salsola_nollothensis,14,4,NA,Shrub,Unvegetated_patch,NA,NA,NA,NA,NA,NA,3.998031159,NA,NA
H6,Salsola_nollothensis,4,4,4.0678,Shrub,Vegetated_patch,36.43,36.65,36.45,0.22,0.02,9.090909091,3.998031159,3.698,92.49552724
H6,Salsola_nollothensis,8,4,3.568,Shrub,Vegetated_patch,17.11,17.36,17.16,0.25,0.05,20,3.998031159,2.8544,71.39514142
H6,Salsola_nollothensis,14,4,4.633,Shrub,Vegetated_patch,39.51,39.75,39.65,0.24,0.14,58.33333333,3.998031159,1.930416667,48.28418263
H6 ,Arthraerua_leubnitziae ,0,4,4,Grass,Vegetated_patch,42.42,42.68,42.42,0.26,0,0,3.982537211,4,100.438484
H6 ,Arthraerua_leubnitziae ,0,4,4,Shrub,Vegetated_patch,40.4,40.66,40.41,0.26,0.01,3.846153846,3.998031159,3.846153846,96.20119736
H6 ,Ectadium_rotundifolium ,0,4,4,Grass,Vegetated_patch,19.13,19.38,19.12,0.25,-0.01,-4,3.982537211,4.16,104.4560234
H6 ,Ectadium_rotundifolium ,0,4,4,Shrub,Vegetated_patch,17.95,18.2,17.93,0.25,-0.02,-8,3.998031159,4.32,108.0531849
H6 ,Salsola_nollothensis,0,4,4,Grass,Vegetated_patch,51.86,52.1,51.86,0.24,0,0,3.982537211,4,100.438484
H6 ,Salsola_nollothensis,0,4,4,Shrub,Vegetated_patch,36.47,36.67,36.47,0.2,0,0,3.998031159,4,100.0492453
H7,Arthraerua_leubnitziae ,0,4,4,Grass,Unvegetated_patch,17.5,17.76,17.5,0.26,0,0,3.982537211,4,100.438484
H7,Arthraerua_leubnitziae ,8,4,4.9901,Grass,Unvegetated_patch,16.69,16.94,16.88,0.25,0.19,76,3.982537211,1.197624,30.07188475
H7,Arthraerua_leubnitziae ,8,4,3.8501,Grass,Vegetated_patch,36.42,36.71,36.49,0.29,0.07,24.13793103,3.982537211,2.920765517,73.33931518
H7,Arthraerua_leubnitziae ,14,4,4.2848,Grass,Vegetated_patch,17.42,17.68,17.43,0.26,0.01,3.846153846,3.982537211,4.12,103.4516385
H7,Arthraerua_leubnitziae ,0,4,4,Shrub,Unvegetated_patch,16.34,16.59,16.34,0.25,0,0,3.998031159,4,100.0492453
H7,Arthraerua_leubnitziae ,8,4,3.6561,Shrub,Unvegetated_patch,18.76,19.03,18.82,0.27,0.06,22.22222222,3.998031159,2.843633333,71.1258422
H7,Arthraerua_leubnitziae ,8,4,3.3739,Shrub,Vegetated_patch,62.12,62.34,62.2,0.22,0.08,36.36363636,3.998031159,2.147027273,53.70211455
H7,Arthraerua_leubnitziae ,14,4,3.6437,Shrub,Vegetated_patch,18.78,19.02,18.85,0.24,0.07,29.16666667,3.998031159,2.580954167,64.55562911
H7,Ectadium_rotundifolium ,0,4,4,Grass,Unvegetated_patch,16.38,16.63,16.38,0.25,0,0,3.982537211,4,100.438484
H7,Ectadium_rotundifolium ,4,4,3.0427,Grass,Unvegetated_patch,51.86,52.1,51.88,0.24,0.02,8.333333333,3.982537211,2.789141667,70.03429018
H7,Ectadium_rotundifolium ,8,4,NA,Grass,Unvegetated_patch,NA,NA,NA,NA,NA,NA,3.982537211,NA,NA
H7,Ectadium_rotundifolium ,14,4,3.23,Grass,Unvegetated_patch,16.31,16.56,16.33,0.25,0.02,8,3.982537211,2.9716,74.61574978
H7,Ectadium_rotundifolium ,8,4,3.5634,Grass,Vegetated_patch,18.71,19.02,18.75,0.31,0.04,12.90322581,3.982537211,3.103606452,77.93038175
H7,Ectadium_rotundifolium ,14,4,5.7424,Grass,Vegetated_patch,53.54,53.81,53.65,0.27,0.11,40.74074074,3.982537211,3.402903704,85.44562232
H7,Ectadium_rotundifolium ,0,4,4,Shrub,Unvegetated_patch,17.45,17.7,17.44,0.25,-0.01,-4,3.998031159,4.16,104.0512151
H7,Ectadium_rotundifolium ,4,4,4.1618,Shrub,Unvegetated_patch,53.59,53.85,53.72,0.26,0.13,50,3.998031159,2.0809,52.04811861
H7,Ectadium_rotundifolium ,8,4,4.2059,Shrub,Unvegetated_patch,17.11,17.37,17.2,0.26,0.09,34.61538462,3.998031159,2.750011538,68.78414472
H7,Ectadium_rotundifolium ,8,4,NA,Shrub,Unvegetated_patch,NA,NA,NA,NA,NA,NA,3.998031159,NA,NA
H7,Ectadium_rotundifolium ,14,4,6.1866,Shrub,Unvegetated_patch,19.12,19.37,19.4,0.25,0.28,112,3.998031159,-0.742392,-18.56893982
H7,Ectadium_rotundifolium ,8,4,4.0034,Shrub,Vegetated_patch,17.18,17.44,17.28,0.26,0.1,38.46153846,3.998031159,2.463630769,61.62109976
H7,Ectadium_rotundifolium ,4,4,4.2704,Shrub,Vegetated_patch,16.67,16.92,16.82,0.25,0.15,60,3.998031159,1.70816,42.72502969
H7,Ectadium_rotundifolium ,4,4,5.4893,Shrub,Vegetated_patch,19.12,19.37,19.28,0.25,0.16,64,3.998031159,1.976148,49.42802898
H7,Ectadium_rotundifolium ,14,4,5.2868,Shrub,Vegetated_patch,51.81,52.05,51.92,0.24,0.11,45.83333333,3.998031159,2.863683333,71.62733904
H7,Salsola_nollothensis,0,4,3.5231,Grass,Unvegetated_patch,40.4,40.65,40.4,0.25,0,0,3.982537211,3.5231,88.46370576
H7,Salsola_nollothensis,4,4,4.2799,Grass,Unvegetated_patch,17.13,17.39,17.19,0.26,0.06,23.07692308,3.982537211,3.292230769,82.66666688
H7,Salsola_nollothensis,4,4,4.6849,Grass,Vegetated_patch,39.5,39.75,39.5,0.25,0,0,3.982537211,4.6849,117.6360634
H7,Salsola_nollothensis,8,4,3.9682,Grass,Vegetated_patch,18.09,18.33,18.1,0.24,0.01,4.166666667,3.982537211,3.802858333,95.48833149
H7,Salsola_nollothensis,14,4,5.9153,Grass,Vegetated_patch,17.24,17.5,17.34,0.26,0.1,38.46153846,3.982537211,3.640184615,91.40365608
H7,Salsola_nollothensis,0,4,4,Shrub,Unvegetated_patch,58.52,58.77,58.51,0.25,-0.01,-4,3.998031159,4.16,104.0512151
H7,Salsola_nollothensis,4,4,3.3055,Shrub,Unvegetated_patch,17.25,17.49,17.29,0.24,0.04,16.66666667,3.998031159,2.754583333,68.89849587
H7,Salsola_nollothensis,4,4,4.1178,Shrub,Vegetated_patch,NA,NA,NA,NA,NA,NA,3.998031159,NA,NA
H7,Salsola_nollothensis,8,4,5.2812,Shrub,Vegetated_patch,17.25,17.51,17.4,0.26,0.15,57.69230769,3.998031159,2.234353846,55.88635399
H7,Salsola_nollothensis,14,4,3.5475,Shrub,Vegetated_patch,17.18,17.44,17.2,0.26,0.02,7.692307692,3.998031159,3.274615385,81.90569944
H7 ,Arthraerua_leubnitziae ,0,4,4,Grass,Vegetated_patch,53.59,53.85,53.6,0.26,0.01,3.846153846,3.982537211,3.846153846,96.57546541
H7 ,Arthraerua_leubnitziae ,0,4,4,Shrub,Vegetated_patch,51.86,52.13,51.86,0.27,0,0,3.998031159,4,100.0492453
H7 ,Ectadium_rotundifolium ,0,4,4,Grass,Vegetated_patch,17.52,17.77,17.54,0.25,0.02,8,3.982537211,3.68,92.4034053
H7 ,Ectadium_rotundifolium ,0,4,4,Shrub,Vegetated_patch,16.52,16.77,16.53,0.25,0.01,4,3.998031159,3.84,96.04727545
H7 ,Salsola_nollothensis,14,4,4.4347,Grass,Unvegetated_patch,16.67,16.93,16.69,0.26,0.02,7.692307692,3.982537211,4.093569231,102.7879719
H7 ,Salsola_nollothensis,0,4,4,Grass,Vegetated_patch,39.43,39.68,39.43,0.25,0,0,3.982537211,4,100.438484
H7 ,Salsola_nollothensis,0,4,4,Shrub,Vegetated_patch,38.26,38.53,38.26,0.27,0,0,3.998031159,4,100.0492453
H8,Arthraerua_leubnitziae ,0,4,4,Grass,Unvegetated_patch,17.42,17.67,17.42,0.25,0,0,3.982537211,4,100.438484
H8,Arthraerua_leubnitziae ,8,4,3.9324,Grass,Unvegetated_patch,17.65,17.9,17.75,0.25,0.1,40,3.982537211,2.35944,59.24464419
H8,Arthraerua_leubnitziae ,0,4,3.9912,Grass,Vegetated_patch,16.82,17.08,16.81,0.26,-0.01,-3.846153846,3.982537211,4.144707692,104.0720393
H8,Arthraerua_leubnitziae ,8,4,3.9782,Grass,Vegetated_patch,58.4,58.63,58.49,0.23,0.09,39.13043478,3.982537211,2.421513043,60.80327478
H8,Arthraerua_leubnitziae ,14,4,3.9526,Grass,Vegetated_patch,17.14,17.39,17.17,0.25,0.03,12,3.982537211,3.478288,87.33849343
H8,Arthraerua_leubnitziae ,14,4,NA,Grass,Vegetated_patch,NA,NA,NA,NA,NA,NA,3.982537211,NA,NA
H8,Arthraerua_leubnitziae ,8,4,3.6794,Shrub,Unvegetated_patch,16.38,16.63,16.45,0.25,0.07,28,3.998031159,2.649168,66.26181474
H8,Arthraerua_leubnitziae ,0,4,4,Shrub,Unvegetated_patch,17.19,17.41,17.2,0.22,0.01,4.545454545,3.998031159,3.818181818,95.50155229
H8,Arthraerua_leubnitziae ,0,4,4,Shrub,Vegetated_patch,20.15,20.4,20.15,0.25,0,0,3.998031159,4,100.0492453
H8,Ectadium_rotundifolium ,0,4,4,Grass,Unvegetated_patch,17.24,17.5,17.22,0.26,-0.02,-7.692307692,3.982537211,4.307692308,108.1645213
H8,Ectadium_rotundifolium ,4,4,NA,Grass,Unvegetated_patch,NA,NA,NA,NA,NA,NA,3.982537211,NA,NA
H8,Ectadium_rotundifolium ,0,4,4,Grass,Vegetated_patch,16.68,16.93,16.67,0.25,-0.01,-4,3.982537211,4.16,104.4560234
H8,Ectadium_rotundifolium ,14,4,4.3677,Grass,Vegetated_patch,20.15,20.39,20.18,0.24,0.03,12.5,3.982537211,3.8217375,95.96238021
H8,Ectadium_rotundifolium ,0,4,4,Shrub,Unvegetated_patch,39.34,39.59,39.34,0.25,0,0,3.998031159,4,100.0492453
H8,Ectadium_rotundifolium ,4,4,NA,Shrub,Unvegetated_patch,NA,NA,NA,NA,NA,NA,3.998031159,NA,NA
H8,Ectadium_rotundifolium ,0,4,4,Shrub,Vegetated_patch,20.05,20.3,20.04,0.25,-0.01,-4,3.998031159,4.16,104.0512151
H8,Ectadium_rotundifolium ,4,4,3.3982,Shrub,Vegetated_patch,16.69,16.97,16.72,0.28,0.03,10.71428571,3.998031159,3.034107143,75.89003242
H8,Ectadium_rotundifolium ,4,4,3.9576,Shrub,Vegetated_patch,17.15,17.4,17.21,0.25,0.06,24,3.998031159,3.007776,75.23142968
H8,Ectadium_rotundifolium ,14,4,6.0218,Shrub,Vegetated_patch,16.67,16.92,16.88,0.25,0.21,84,3.998031159,0.963488,24.0990618
H8,Salsola_nollothensis,0,4,4,Grass,Unvegetated_patch,40.48,40.73,40.48,0.25,0,0,3.982537211,4,100.438484
H8,Salsola_nollothensis,4,4,4.1251,Grass,Unvegetated_patch,17.14,17.38,17.21,0.24,0.07,29.16666667,3.982537211,2.921945833,73.36895247
H8,Salsola_nollothensis,8,4,3.3258,Grass,Unvegetated_patch,42.43,42.68,42.45,0.25,0.02,8,3.982537211,3.059736,76.82881134
H8,Salsola_nollothensis,0,4,4,Grass,Vegetated_patch,62.2,62.46,62.2,0.26,0,0,3.982537211,4,100.438484
H8,Salsola_nollothensis,4,4,3.9664,Grass,Vegetated_patch,40.4,40.65,40.41,0.25,0.01,4,3.982537211,3.807744,95.61100873
H8,Salsola_nollothensis,8,4,4.074,Grass,Vegetated_patch,17.24,17.49,17.25,0.25,0.01,4,3.982537211,3.91104,98.20473214
H8,Salsola_nollothensis,0,4,4,Shrub,Unvegetated_patch,38.29,38.54,38.3,0.25,0.01,4,3.998031159,3.84,96.04727545
H8,Salsola_nollothensis,4,4,4.3812,Shrub,Unvegetated_patch,17.25,17.5,17.38,0.25,0.13,52,3.998031159,2.102976,52.6002904
H8,Salsola_nollothensis,8,4,7.1861,Shrub,Unvegetated_patch,39.43,39.68,39.58,0.25,0.15,60,3.998031159,2.87444,71.89638813
H8,Salsola_nollothensis,0,4,4,Shrub,Vegetated_patch,16.37,16.62,16.36,0.25,-0.01,-4,3.998031159,4.16,104.0512151
H8,Salsola_nollothensis,4,4,4.1388,Shrub,Vegetated_patch,42.42,42.67,42.56,0.25,0.14,56,3.998031159,1.821072,45.54921979
H8,Salsola_nollothensis,8,4,3.5961,Shrub,Vegetated_patch,17.25,17.49,17.3,0.24,0.05,20.83333333,3.998031159,2.8469125,71.20786174
H8 ,Salsola_nollothensis,14,4,NA,Grass,Unvegetated_patch,NA,NA,NA,NA,NA,NA,3.982537211,NA,NA
H8 ,Salsola_nollothensis,14,4,6.4242,Grass,Vegetated_patch,16.38,16.65,16.48,0.27,0.1,37.03703704,3.982537211,4.044866667,101.565069
H8 ,Salsola_nollothensis,14,4,7.3957,Shrub,Unvegetated_patch,18.09,18.33,18.32,0.24,0.23,95.83333333,3.998031159,0.308154167,7.70764795
H8 ,Salsola_nollothensis,14,4,4.5006,Shrub,Vegetated_patch,16.68,16.94,16.84,0.26,0.16,61.53846154,3.998031159,1.731,43.29631089
H9,Arthraerua_leubnitziae ,0,4,4,Grass,Unvegetated_patch,18.76,19.03,18.76,0.27,0,0,3.982537211,4,100.438484
H9,Arthraerua_leubnitziae ,8,4,4.7025,Grass,Unvegetated_patch,53.53,53.79,53.65,0.26,0.12,46.15384615,3.982537211,2.532115385,63.58045765
H9,Arthraerua_leubnitziae ,8,4,5.2318,Grass,Vegetated_patch,18.82,19.09,19.01,0.27,0.19,70.37037037,3.982537211,1.550162963,38.9240045
H9,Arthraerua_leubnitziae ,0,4,4,Shrub,Unvegetated_patch,16.68,16.93,16.7,0.25,0.02,8,3.998031159,3.68,92.04530564
H9,Arthraerua_leubnitziae ,8,4,3.6586,Shrub,Unvegetated_patch,51.8,52.05,51.86,0.25,0.06,24,3.998031159,2.780536,69.54763205
H9,Arthraerua_leubnitziae ,0,4,4,Shrub,Vegetated_patch,16.42,16.66,16.41,0.24,-0.01,-4.166666667,3.998031159,4.166666667,104.2179638
H9,Arthraerua_leubnitziae ,8,4,4.5504,Shrub,Vegetated_patch,16.32,16.56,16.45,0.24,0.13,54.16666667,3.998031159,2.0856,52.16567648
H9,Arthraerua_leubnitziae ,14,4,NA,Shrub,Vegetated_patch,NA,NA,NA,NA,NA,NA,3.998031159,NA,NA
H9,Ectadium_rotundifolium ,0,4,4,Grass,Unvegetated_patch,39.52,39.78,39.52,0.26,0,0,3.982537211,4,100.438484
H9,Ectadium_rotundifolium ,4,4,NA,Grass,Unvegetated_patch,NA,NA,NA,NA,NA,NA,3.982537211,NA,NA
H9,Ectadium_rotundifolium ,14,4,NA,Grass,Vegetated_patch,NA,NA,NA,NA,NA,NA,3.982537211,NA,NA
H9,Ectadium_rotundifolium ,0,4,4,Shrub,Unvegetated_patch,36.35,36.6,36.34,0.25,-0.01,-4,3.998031159,4.16,104.0512151
H9,Ectadium_rotundifolium ,4,4,3.908,Shrub,Unvegetated_patch,42.43,42.68,42.46,0.25,0.03,12,3.998031159,3.43904,86.0183391
H9,Ectadium_rotundifolium ,0,4,4,Shrub,Vegetated_patch,40.44,40.69,40.43,0.25,-0.01,-4,3.998031159,4.16,104.0512151
H9,Ectadium_rotundifolium ,14,4,NA,Shrub,Vegetated_patch,NA,NA,NA,NA,NA,NA,3.998031159,NA,NA
H9,Salsola_nollothensis,0,4,4,Grass,Unvegetated_patch,39.53,39.78,39.53,0.25,0,0,3.982537211,4,100.438484
H9,Salsola_nollothensis,4,4,4.0072,Grass,Unvegetated_patch,17.18,17.43,17.19,0.25,0.01,4,3.982537211,3.846912,96.59450236
H9,Salsola_nollothensis,8,4,3.3115,Grass,Unvegetated_patch,58.39,58.64,58.45,0.25,0.06,24,3.982537211,2.51674,63.19438757
H9,Salsola_nollothensis,4,4,4.0678,Grass,Vegetated_patch,16.6,16.91,16.68,0.31,0.08,25.80645161,3.982537211,3.018045161,75.78197018
H9,Salsola_nollothensis,8,4,3.9682,Grass,Vegetated_patch,17.64,17.89,17.66,0.25,0.02,8,3.982537211,3.650744,91.66879823
H9,Salsola_nollothensis,0,4,4,Shrub,Unvegetated_patch,42.52,42.67,42.51,0.15,-0.01,-6.666666667,3.998031159,4.266666667,106.7191949
H9,Salsola_nollothensis,4,4,4.0918,Shrub,Unvegetated_patch,17.15,17.39,17.29,0.24,0.14,58.33333333,3.998031159,1.704916667,42.64390643
H9,Salsola_nollothensis,8,4,5.1036,Shrub,Unvegetated_patch,62.1,62.36,62.26,0.26,0.16,61.53846154,3.998031159,1.962923077,49.09724309
H9,Salsola_nollothensis,0,4,4,Shrub,Vegetated_patch,62.11,62.36,62.12,0.25,0.01,4,3.998031159,3.84,96.04727545
H9,Salsola_nollothensis,4,4,3.4335,Shrub,Vegetated_patch,19.12,19.38,19.17,0.26,0.05,19.23076923,3.998031159,2.773211538,69.36443034
H9,Salsola_nollothensis,8,4,3.2274,Shrub,Vegetated_patch,17.14,17.37,17.18,0.23,0.04,17.39130435,3.998031159,2.666113043,66.68564944
H9 ,Arthraerua_leubnitziae ,0,4,4,Grass,Vegetated_patch,17.23,17.49,17.24,0.26,0.01,3.846153846,3.982537211,3.846153846,96.57546541
H9 ,Ectadium_rotundifolium ,0,4,4,Grass,Vegetated_patch,42.32,42.57,42.32,0.25,0,0,3.982537211,4,100.438484
H9 ,Salsola_nollothensis,0,4,4,Grass,Vegetated_patch,58.39,58.64,58.39,0.25,0,0,3.982537211,4,100.438484
